,id,mac_addr,rssi,timestamp,topic
0,-Ly80xwmNG3JQcoSdedl,80:E1:26:07:E3:79,-66,2020-01-09 13:39:53.007404,/tgr2020/jan08/data/30
1,-Ly80yP5STVjJdcaHeB_,80:E1:26:07:E3:79,-67,2020-01-09 13:39:54.971041,/tgr2020/jan08/data/12
2,-Ly80ye-r4oNxCjMoicn,80:E1:26:07:D2:6F,-75,2020-01-09 13:39:55.976388,/tgr2020/jan08/data/12
3,-Ly80yvm4BdQaHdW6XOO,80:E1:26:07:D2:6F,-75,2020-01-09 13:39:57.126647,/tgr2020/jan08/data/15
4,-Ly81-GlVrJkaMMmUfMW,80:E1:26:07:D2:6F,-76,2020-01-09 13:40:01.153323,/tgr2020/jan08/data/15
5,-Ly81-bRPSRhhhUtIpMR,80:E1:26:07:E3:79,-73,2020-01-09 13:40:04.000033,/tgr2020/jan08/data/30
6,-Ly81-rLuRq3G9Qm1-je,80:E1:26:07:E3:79,-62,2020-01-09 13:40:05.009977,/tgr2020/jan08/data/12
7,-Ly8105vB34LkSkhRBwi,80:E1:26:07:D2:6F,-78,2020-01-09 13:40:06.022945,/tgr2020/jan08/data/12
8,-Ly811WwMzg23JQLGXZL,80:E1:26:07:D2:6F,-77,2020-01-09 13:40:11.866198,/tgr2020/jan08/data/15
9,-Ly811m608VSwN5nm1qb,80:E1:26:07:E3:79,-69,2020-01-09 13:40:12.868878,/tgr2020/jan08/data/15
10,-Ly812Hzck4urqnwudSK,80:E1:26:07:D2:6F,-75,2020-01-09 13:40:14.999660,/tgr2020/jan08/data/12
11,-Ly812a5DDRO4ZP_fhnl,80:E1:26:07:D2:6F,-79,2020-01-09 13:40:16.217987,/tgr2020/jan08/data/15
12,-Ly814FGtiJstbwv9KGa,80:E1:26:07:D2:6F,-42,2020-01-09 13:40:23.010768,/tgr2020/jan08/data/30
13,-Ly814jWiawYUfkAX1vz,80:E1:26:07:D2:6F,-79,2020-01-09 13:40:24.992686,/tgr2020/jan08/data/12
14,-Ly81525mVohEOQggvlR,80:E1:26:07:D2:6F,-85,2020-01-09 13:40:26.253153,/tgr2020/jan08/data/15
15,-Ly816GCkemqCcYWB4AU,80:E1:26:07:D2:6F,-73,2020-01-09 13:40:31.248325,/tgr2020/jan08/data/15
16,-Ly816gKdWdCEBIwMhTc,80:E1:26:07:D2:6F,-50,2020-01-09 13:40:32.988584,/tgr2020/jan08/data/30
17,-Ly817B4h-wb2Z9c95ax,80:E1:26:07:D2:6F,-76,2020-01-09 13:40:35.010073,/tgr2020/jan08/data/12
18,-Ly81879NYFw5e61VPCf,80:E1:26:07:D2:6F,-70,2020-01-09 13:40:38.873917,/tgr2020/jan08/data/15
19,-Ly8199lv03jUQmi9ULF,80:E1:26:07:D2:6F,-52,2020-01-09 13:40:42.990330,/tgr2020/jan08/data/30
20,-Ly819bkztzUqK9LydXU,80:E1:26:07:D2:6F,-75,2020-01-09 13:40:44.997483,/tgr2020/jan08/data/12
21,-Ly82XYVogtd0Qnei0ld,80:E1:26:07:D2:6F,-71,2020-01-09 13:46:45.115046,/tgr2020/jan08/data/12
22,-Ly82Y8ljfCmPeda1gZZ,80:E1:26:07:C4:0A,-43,2020-01-09 13:46:47.612014,/tgr2020/jan08/data/15
23,-Ly82ZNEsD4QLwlbMKNh,80:E1:26:07:D2:6F,-72,2020-01-09 13:46:52.634060,/tgr2020/jan08/data/15
24,-Ly82ZbfpOJd8gFUv-SW,80:E1:26:07:C4:0A,-43,2020-01-09 13:46:53.631737,/tgr2020/jan08/data/15
25,-Ly82_10GGR3tyHO7nyO,80:E1:26:07:D2:6F,-80,2020-01-09 13:46:55.299128,/tgr2020/jan08/data/12
26,-Ly82_Q21YVAt2MLbVca,80:E1:26:07:C4:0A,-82,2020-01-09 13:46:56.676206,/tgr2020/jan08/data/12
27,-Ly82apM52qAj3eM64gH,80:E1:26:07:D2:6F,-81,2020-01-09 13:47:02.690800,/tgr2020/jan08/data/15
28,-Ly82bQJAGLGLrtS4aaM,80:E1:26:07:D2:6F,-74,2020-01-09 13:47:05.116579,/tgr2020/jan08/data/12
29,-Ly82c3bMomerz1_UTAp,80:E1:26:07:D2:6F,-78,2020-01-09 13:47:07.763279,/tgr2020/jan08/data/15
30,-Ly82drNZoc78sHgmJk2,80:E1:26:07:D2:6F,-74,2020-01-09 13:47:15.128895,/tgr2020/jan08/data/12
31,-Ly82gIxu670shsxPJ4S,80:E1:26:07:D2:6F,-73,2020-01-09 13:47:25.128465,/tgr2020/jan08/data/12
32,-Ly82gxyetiztKdNiG6t,80:E1:26:07:E3:79,-66,2020-01-09 13:47:27.840256,/tgr2020/jan08/data/15
33,-Ly82ikFOWAGECt6nm6H,80:E1:26:07:E3:79,-61,2020-01-09 13:47:35.128553,/tgr2020/jan08/data/12
34,-Ly82izkkT8zyKLW9x3t,80:E1:26:07:D2:6F,-73,2020-01-09 13:47:36.141692,/tgr2020/jan08/data/12
35,-Ly82jVxC6b2TDoqHDI1,80:E1:26:07:D2:6F,-82,2020-01-09 13:47:37.876123,/tgr2020/jan08/data/15
36,-Ly82lB--FkZ_eknTo2q,80:E1:26:07:D2:6F,-75,2020-01-09 13:47:45.112424,/tgr2020/jan08/data/12
37,-Ly82lsD-IUbJDEZQL3n,80:E1:26:07:D2:6F,-73,2020-01-09 13:47:47.924321,/tgr2020/jan08/data/15
38,-Ly82ncA_b5DcVN1uyYs,80:E1:26:07:D2:6F,-78,2020-01-09 13:47:55.119856,/tgr2020/jan08/data/12
39,-Ly82oNmJoKLoarTWcwt,80:E1:26:07:D2:6F,-75,2020-01-09 13:47:58.212628,/tgr2020/jan08/data/15
40,-Ly82pYehTZqDhchddho,80:E1:26:07:D2:6F,-74,2020-01-09 13:48:03.001497,/tgr2020/jan08/data/15
41,-Ly82qmGsnKt7diqPl0A,80:E1:26:07:D2:6F,-74,2020-01-09 13:48:08.019955,/tgr2020/jan08/data/15
42,-Ly82stje5IX-GKkySB1,80:E1:26:07:D2:6F,-76,2020-01-09 13:48:15.128158,/tgr2020/jan08/data/12
43,-Ly82v0RfBLFl42Un7gT,80:E1:26:07:D2:6F,-80,2020-01-09 13:48:25.218936,/tgr2020/jan08/data/12
44,-Ly82voLBsUg7uELKDtk,80:E1:26:07:D2:6F,-74,2020-01-09 13:48:28.531252,/tgr2020/jan08/data/15
45,-Ly82xnpd4qNZVLhnYO4,80:E1:26:07:D2:6F,-82,2020-01-09 13:48:35.145918,/tgr2020/jan08/data/12
46,-Ly82y7QLncjfCuM9tIe,80:E1:26:07:D2:6F,-73,2020-01-09 13:48:38.129536,/tgr2020/jan08/data/15
47,-Ly82zqGRco5tKzfxCZ-,80:E1:26:07:D2:6F,-80,2020-01-09 13:48:45.163248,/tgr2020/jan08/data/12
48,-Ly83-MeAaeecf8WIKls,80:E1:26:07:D2:6F,-80,2020-01-09 13:48:47.484474,/tgr2020/jan08/data/33
49,-Ly831HORF6K3cCSSZ1m,80:E1:26:07:D2:6F,-80,2020-01-09 13:48:55.147825,/tgr2020/jan08/data/12
50,-Ly831XObmp_orVshPOd,80:E1:26:07:E3:79,-65,2020-01-09 13:48:56.164347,/tgr2020/jan08/data/12
51,-Ly833yLcq7yt_AeJHQr,80:E1:26:07:D2:6F,-74,2020-01-09 13:49:05.138544,/tgr2020/jan08/data/12
52,-Ly834HDJYHY4b3MFce2,80:E1:26:07:D2:6F,-80,2020-01-09 13:49:07.420023,/tgr2020/jan08/data/33
53,-Ly834WtD-kaD8QxLwdi,80:E1:26:07:E0:F2,-61,2020-01-09 13:49:08.423580,/tgr2020/jan08/data/33
54,-Ly835hQJuWjQDXTcrTc,80:E1:26:07:D2:6F,-74,2020-01-09 13:49:13.256198,/tgr2020/jan08/data/15
55,-Ly8369rd6WuVe42dx6V,80:E1:26:07:D2:6F,-79,2020-01-09 13:49:15.147551,/tgr2020/jan08/data/12
56,-Ly836PQ15v2CPV8jVId,80:E1:26:07:E0:F2,-76,2020-01-09 13:49:16.158143,/tgr2020/jan08/data/12
57,-Ly836iK0eFdUCQ_tuH8,80:E1:26:07:E0:F2,-64,2020-01-09 13:49:17.421201,/tgr2020/jan08/data/33
58,-Ly838BRX9WYE40bNmga,80:E1:26:07:D2:6F,-71,2020-01-09 13:49:23.450735,/tgr2020/jan08/data/15
59,-Ly838aw2JLgOGmk9wcY,80:E1:26:07:D2:6F,-75,2020-01-09 13:49:25.153455,/tgr2020/jan08/data/12
60,-Ly839Nn8-Wm5GtcTWDb,80:E1:26:07:D2:6F,-73,2020-01-09 13:49:28.317956,/tgr2020/jan08/data/15
61,-Ly83B25VkJFSxgidTVF,80:E1:26:07:D2:6F,-74,2020-01-09 13:49:35.149266,/tgr2020/jan08/data/12
62,-Ly83BbOvcYCfs9az7AH,80:E1:26:07:D2:6F,-81,2020-01-09 13:49:37.462034,/tgr2020/jan08/data/33
63,-Ly83D523J1ieIlQgS0T,80:E1:26:07:D2:6F,-76,2020-01-09 13:49:43.510627,/tgr2020/jan08/data/15
64,-Ly83DVTgyRslKfQhcPp,80:E1:26:07:D2:6F,-74,2020-01-09 13:49:45.155538,/tgr2020/jan08/data/12
65,-Ly83E2L68b1pWtoibT2,80:E1:26:07:E0:F2,-66,2020-01-09 13:49:47.427803,/tgr2020/jan08/data/33
66,-Ly83EVzAT8cTORIZq6s,80:E1:26:07:D2:6F,-85,2020-01-09 13:49:48.429912,/tgr2020/jan08/data/33
67,-Ly83Ft3YR61rjjkykKk,80:E1:26:07:E0:F2,-80,2020-01-09 13:49:55.152496,/tgr2020/jan08/data/12
68,-Ly83GXdBKNn7SLFnp6S,80:E1:26:07:E0:F2,-64,2020-01-09 13:49:57.432016,/tgr2020/jan08/data/33
69,-Ly83I-1wYzF9bdXt_iG,80:E1:26:07:E0:F2,-72,2020-01-09 13:50:03.602861,/tgr2020/jan08/data/15
70,-Ly83INNGhJhXew9tsyg,80:E1:26:07:E0:F2,-83,2020-01-09 13:50:05.152763,/tgr2020/jan08/data/12
71,-Ly83O2KxfErqHB1m6-5,80:E1:26:07:D2:6F,-83,2020-01-09 13:50:27.753501,/tgr2020/jan08/data/33
72,-Ly83PgnTbWi4WSQ0lQZ,80:E1:26:07:D2:6F,-76,2020-01-09 13:50:35.140051,/tgr2020/jan08/data/12
73,-Ly83QITfFUrtUS-Au5D,80:E1:26:07:D2:6F,-80,2020-01-09 13:50:37.425735,/tgr2020/jan08/data/33
74,-Ly83ZDhEuyZ_OjIT4jz,80:E1:26:07:D2:6F,-74,2020-01-09 13:51:13.884423,/tgr2020/jan08/data/15
75,-Ly83b4IGwtP5ZvRSjBR,80:E1:26:07:D2:6F,-75,2020-01-09 13:51:25.765398,/tgr2020/jan08/data/12
76,-Ly83bxYq-tMyv173-Qu,80:E1:26:07:D2:6F,-74,2020-01-09 13:51:29.401281,/tgr2020/jan08/data/15
77,-Ly83d5o1-lFMU7Rh7Kt,80:E1:26:07:D2:6F,-68,2020-01-09 13:51:34.005227,/tgr2020/jan08/data/15
78,-Ly83dMXYXXhuWSAcob9,80:E1:26:07:D2:6F,-73,2020-01-09 13:51:35.164020,/tgr2020/jan08/data/12
79,-Ly83eJDZ4IxiVyks9AV,80:E1:26:07:D2:6F,-69,2020-01-09 13:51:39.030117,/tgr2020/jan08/data/15
80,-Ly83o7zUejH4xTyHAHe,80:E1:26:07:D2:6F,-68,2020-01-09 13:52:19.228428,/tgr2020/jan08/data/15
81,-Ly83pU3mP0DkhE9bwQE,80:E1:26:07:D2:6F,-75,2020-01-09 13:52:24.371668,/tgr2020/jan08/data/15
82,-Ly83qNznFrCrkSlDq0P,80:E1:26:07:D2:6F,-74,2020-01-09 13:52:26.140067,/tgr2020/jan08/data/12
83,-Ly83rvB1qe5FlZtkpbh,80:E1:26:07:D2:6F,-81,2020-01-09 13:52:34.523497,/tgr2020/jan08/data/15
84,-Ly83t5_VOKqB8M9SP7u,80:E1:26:07:D2:6F,-67,2020-01-09 13:52:39.544729,/tgr2020/jan08/data/15
85,-Ly83uVUcE1AffyxP8VG,80:E1:26:07:D2:6F,-75,2020-01-09 13:52:45.157825,/tgr2020/jan08/data/12
86,-Ly83vTITCsG1o92VXk2,80:E1:26:07:D2:6F,-67,2020-01-09 13:52:49.399933,/tgr2020/jan08/data/15
87,-Ly83wgDoMXT_AxmpQrR,80:E1:26:07:D2:6F,-68,2020-01-09 13:52:54.382160,/tgr2020/jan08/data/15
88,-Ly83xzCnTnAP_RcDCBO,80:E1:26:07:D2:6F,-71,2020-01-09 13:52:59.403625,/tgr2020/jan08/data/15
89,-Ly846iQXnP0DNb7zUNX,80:E1:26:07:D2:6F,-79,2020-01-09 13:53:39.575922,/tgr2020/jan08/data/15
90,-Ly84Fg_-hNzH87VUZBF,80:E1:26:07:D2:6F,-80,2020-01-09 13:54:15.182735,/tgr2020/jan08/data/12
91,-Ly84Hr6noBBqymMLclL,80:E1:26:07:D2:6F,-74,2020-01-09 13:54:25.176086,/tgr2020/jan08/data/12
92,-Ly84cpPxgAs98oocPtQ,80:E1:26:07:E3:79,-64,2020-01-09 13:55:55.185199,/tgr2020/jan08/data/12
93,-Ly84uToot-cn05RdU9E,80:E1:26:07:E3:79,-75,2020-01-09 13:57:07.456960,/tgr2020/jan08/data/33
94,-Ly84vAEjyHDgz2YN04r,80:E1:26:07:E3:79,-68,2020-01-09 13:57:10.316477,/tgr2020/jan08/data/15
95,-Ly84wQmvD389wCQftbg,80:E1:26:07:E3:79,-62,2020-01-09 13:57:15.484288,/tgr2020/jan08/data/12
96,-Ly84x-hD0BWPSQlaW4X,80:E1:26:07:D2:6F,-45,2020-01-09 13:57:17.812017,/tgr2020/jan08/data/30
97,-Ly85930KvZGAUgc9sEh,80:E1:26:07:E0:F2,-73,2020-01-09 13:58:11.239657,/tgr2020/jan08/data/30
98,-Ly85A46n_lDWbY0t9pA,80:E1:26:07:E0:F2,-79,2020-01-09 13:58:15.467743,/tgr2020/jan08/data/12
99,-Ly85CSPV9ATEvMR88cF,80:E1:26:07:E0:F2,-83,2020-01-09 13:58:25.207937,/tgr2020/jan08/data/12
100,-Ly85Q1KnGOSr2K7SgZ2,80:E1:26:07:D2:6F,-69,2020-01-09 13:59:20.805165,/tgr2020/jan08/data/15
101,-Ly85R7-WnHP8VtTnplO,80:E1:26:07:D2:6F,-76,2020-01-09 13:59:25.280346,/tgr2020/jan08/data/12
102,-Ly85SeSiR2W04YBVJLb,80:E1:26:07:D2:6F,-44,2020-01-09 13:59:31.228982,/tgr2020/jan08/data/30
103,-Ly85T3YakyjAJdPAipe,80:E1:26:07:D2:6F,-76,2020-01-09 13:59:33.249685,/tgr2020/jan08/data/12
104,-Ly85Td70lD_-nykORfs,80:E1:26:07:D2:6F,-76,2020-01-09 13:59:35.579505,/tgr2020/jan08/data/12
105,-Ly85e73BI81A--7xb9G,80:E1:26:07:E3:79,-88,2020-01-09 14:00:21.238730,/tgr2020/jan08/data/30
106,-Ly85elXoq495BfgNMkZ,80:E1:26:07:E3:79,-61,2020-01-09 14:00:25.284670,/tgr2020/jan08/data/12
107,-Ly85gB_h-0FaQMvUSYM,80:E1:26:07:E3:79,-66,2020-01-09 14:00:31.094552,/tgr2020/jan08/data/15
108,-Ly85hPts15PJ97Cni4d,80:E1:26:07:E3:79,-72,2020-01-09 14:00:36.113908,/tgr2020/jan08/data/15
109,-Ly85hec3gUtIyuBtvMn,80:E1:26:07:E3:79,-63,2020-01-09 14:00:37.123416,/tgr2020/jan08/data/12
110,-Ly85idP-kE9aTs7GDPB,80:E1:26:07:D2:6F,-74,2020-01-09 14:00:41.144488,/tgr2020/jan08/data/15
111,-Ly85jDgfBAffxxtwI-H,80:E1:26:07:E3:79,-70,2020-01-09 14:00:42.874894,/tgr2020/jan08/data/15
112,-Ly85l6AjCvDKfmHQbA_,80:E1:26:07:E3:79,-67,2020-01-09 14:00:51.231236,/tgr2020/jan08/data/30
113,-Ly85m5fQfDT0_BK5ZXW,80:E1:26:07:E3:79,-61,2020-01-09 14:00:55.310994,/tgr2020/jan08/data/12
114,-Ly87QN1QCiAQ1c-8O40,80:E1:26:07:E3:79,-70,2020-01-09 14:08:02.096232,/tgr2020/track/data/15
115,-Ly87RobHb2wiXf1SbIz,80:E1:26:07:E3:79,-65,2020-01-09 14:08:12.133183,/tgr2020/track/data/15
116,-Ly87SybES-9HWIo7aGJ,80:E1:26:07:E3:79,-67,2020-01-09 14:08:17.155364,/tgr2020/track/data/15
117,-Ly87Tgm_1A5OIl7t0lA,80:E1:26:07:E3:79,-74,2020-01-09 14:08:20.101942,/tgr2020/track/data/33
118,-Ly87VQPG0g6zFDWPWFO,80:E1:26:07:E3:79,-66,2020-01-09 14:08:27.196336,/tgr2020/track/data/15
119,-Ly87W1fEObOrJFg4rWT,80:E1:26:07:E3:79,-77,2020-01-09 14:08:29.716990,/tgr2020/track/data/33
120,-Ly87WeYnF08SCkuEUHy,80:E1:26:07:E3:79,-68,2020-01-09 14:08:32.224953,/tgr2020/track/data/15
121,-Ly87vxbR65KZ3EP284s,80:E1:26:07:E0:F2,-66,2020-01-09 14:10:19.716348,/tgr2020/track/data/33
122,-Ly87xoYhpvviYSjCZ4Y,80:E1:26:07:E3:79,-68,2020-01-09 14:10:27.589029,/tgr2020/track/data/15
123,-Ly87yLIEYHwBSRvoTqj,80:E1:26:07:E3:79,-78,2020-01-09 14:10:29.756695,/tgr2020/track/data/33
124,-Ly88-qb1FucSkVQ52-W,80:E1:26:07:E3:79,-77,2020-01-09 14:10:39.994714,/tgr2020/track/data/33
125,-Ly880jTy_CokxHSWHYF,80:E1:26:07:E3:79,-72,2020-01-09 14:10:42.639933,/tgr2020/track/data/15
126,-Ly882IEJFZTycOPHmY9,80:E1:26:07:E3:79,-85,2020-01-09 14:10:49.741987,/tgr2020/track/data/33
127,-Ly883AACy5g02sh8vWX,80:E1:26:07:E3:79,-78,2020-01-09 14:10:52.671044,/tgr2020/track/data/15
128,-Ly885DipT8PXEnjZCua,80:E1:26:07:E3:79,-78,2020-01-09 14:10:57.690098,/tgr2020/track/data/15
129,-Ly887619PH6ij40_lXi,80:E1:26:07:E3:79,-78,2020-01-09 14:11:09.746238,/tgr2020/track/data/33
130,-Ly88934gzfAvSsK1YgR,80:E1:26:07:E3:79,-79,2020-01-09 14:11:17.745078,/tgr2020/track/data/15
131,-Ly889Ygx0PoiDJtZYef,80:E1:26:07:E3:79,-81,2020-01-09 14:11:19.771631,/tgr2020/track/data/33
132,-Ly88AHZ-mrB64D4R9zP,80:E1:26:07:E3:79,-81,2020-01-09 14:11:22.767473,/tgr2020/track/data/15
133,-Ly88JJkLJ1KuWGgnPfp,80:E1:26:07:D2:6F,-83,2020-01-09 14:11:59.755232,/tgr2020/track/data/33
134,-Ly88Ll1rUYFIxdstJ45,80:E1:26:07:E0:F2,-69,2020-01-09 14:12:09.752420,/tgr2020/track/data/33
135,-Ly88brVBicw91xL8_bQ,80:E1:26:07:E0:F2,-60,2020-01-09 14:13:19.762977,/tgr2020/track/data/33
136,-Ly88nh4iDfJg514GWRJ,80:E1:26:07:D2:6F,-68,2020-01-09 14:14:08.299989,/tgr2020/track/data/15
137,-Ly88q6VJ6EmaA9_okYn,80:E1:26:07:D2:6F,-70,2020-01-09 14:14:18.367693,/tgr2020/track/data/15
138,-Ly88rNTfD5CIwND4bjv,80:E1:26:07:D2:6F,-72,2020-01-09 14:14:23.374983,/tgr2020/track/data/15
139,-Ly88sakzsbJJyNnopiB,80:E1:26:07:D2:6F,-67,2020-01-09 14:14:28.386614,/tgr2020/track/data/15
140,-Ly88wH9zzD8ELkzI19Y,80:E1:26:07:D2:6F,-72,2020-01-09 14:14:43.435258,/tgr2020/track/data/15
141,-Ly88xVMl16-OYpk8I81,80:E1:26:07:D2:6F,-66,2020-01-09 14:14:48.448418,/tgr2020/track/data/15
142,-Ly88yiva40OA8_TGJxh,80:E1:26:07:D2:6F,-69,2020-01-09 14:14:53.470112,/tgr2020/track/data/15
143,-Ly890AEXaTeGSquVCcj,80:E1:26:07:D2:6F,-81,2020-01-09 14:15:03.490868,/tgr2020/track/data/15
144,-Ly893qJa_6pq83KelYo,80:E1:26:07:D2:6F,-81,2020-01-09 14:15:18.533693,/tgr2020/track/data/15
145,-Ly897WiycWKFJ9WMB6U,80:E1:26:07:E3:79,-72,2020-01-09 14:15:33.586776,/tgr2020/track/data/15
146,-Ly899yVnPEoOak_7Pxb,80:E1:26:07:D2:6F,-67,2020-01-09 14:15:43.614326,/tgr2020/track/data/15
147,-Ly89BBr26oNRzbGbVb1,80:E1:26:07:D2:6F,-80,2020-01-09 14:15:48.645443,/tgr2020/track/data/15
148,-Ly89CQWE7SBUbgLnikK,80:E1:26:07:D2:6F,-85,2020-01-09 14:15:53.679942,/tgr2020/track/data/15
149,-Ly89G5uHo6SR8WiI1U5,80:E1:26:07:D2:6F,-78,2020-01-09 14:16:08.733197,/tgr2020/track/data/15
150,-Ly89HKDCN9crykUAzkC,80:E1:26:07:D2:6F,-69,2020-01-09 14:16:13.750726,/tgr2020/track/data/15
151,-Ly89Zm9kH08N56dIZJF,80:E1:26:07:E0:F2,-72,2020-01-09 14:17:29.304434,/tgr2020/track/data/15
152,-Ly89qE5GydAPul5QsvA,80:E1:26:07:E3:79,-72,2020-01-09 14:18:40.741212,/tgr2020/track/data/15
153,-Ly8CfamyyTJGBsJtI9j,80:E1:26:07:D2:6F,-67,2020-01-09 14:31:03.631511,/tgr2020/track/data/15
154,-Ly8CgoF7fryJqjyDgZs,80:E1:26:07:D2:6F,-74,2020-01-09 14:31:08.651042,/tgr2020/track/data/15
155,-Ly8ChfocauaAZ2ybkBq,80:E1:26:07:D2:6F,-38,2020-01-09 14:31:12.226549,/tgr2020/track/data/30
156,-Ly8Ci1FCkwzVqXrNLYJ,80:E1:26:07:D2:6F,-82,2020-01-09 14:31:13.679034,/tgr2020/track/data/15
157,-Ly8CjaGEd5wkPK7GzaP,80:E1:26:07:D2:6F,-69,2020-01-09 14:31:20.066912,/tgr2020/track/data/15
158,-Ly8Ck6gTxx_whFITkGJ,80:E1:26:07:D2:6F,-34,2020-01-09 14:31:22.211108,/tgr2020/track/data/30
159,-Ly8CmYymo6o-1nOmVYy,80:E1:26:07:D2:6F,-34,2020-01-09 14:31:32.204340,/tgr2020/track/data/30
160,-Ly8CmvqkkVojWaPv3I6,80:E1:26:07:D2:6F,-66,2020-01-09 14:31:33.734545,/tgr2020/track/data/15
161,-Ly8CoDT4u8ikXwsmD4n,80:E1:26:07:D2:6F,-64,2020-01-09 14:31:38.753423,/tgr2020/track/data/15
162,-Ly8CpGYh5vsRNkIDdwN,80:E1:26:07:E0:F2,-84,2020-01-09 14:31:42.223510,/tgr2020/track/data/30
163,-Ly8Crt0bdz5Z3EFHZCc,80:E1:26:07:D2:6F,-48,2020-01-09 14:31:52.221621,/tgr2020/track/data/30
164,-Ly8CtDWgBl2PShHzZcJ,80:E1:26:07:D2:6F,-60,2020-01-09 14:31:58.829988,/tgr2020/track/data/15
165,-Ly8CuHYh4HQ2FDTm7R5,80:E1:26:07:D2:6F,-58,2020-01-09 14:32:03.833062,/tgr2020/track/data/15
166,-Ly8CwJhwHKMs4pdIbHh,80:E1:26:07:D2:6F,-50,2020-01-09 14:32:12.213255,/tgr2020/track/data/30
167,-Ly8Cwnrmni0NtPjAQ1g,80:E1:26:07:D2:6F,-64,2020-01-09 14:32:13.868789,/tgr2020/track/data/15
168,-Ly8Cy0rBtwflXAKjymp,80:E1:26:07:E3:79,-68,2020-01-09 14:32:18.879657,/tgr2020/track/data/15
169,-Ly8CyppYqTuP-a_VY4s,80:E1:26:07:D2:6F,-56,2020-01-09 14:32:22.493866,/tgr2020/track/data/30
170,-Ly8CzEXbJnFNoAK0bHx,80:E1:26:07:D2:6F,-62,2020-01-09 14:32:23.893431,/tgr2020/track/data/15
171,-Ly8D-OzMWurqpd-LVJs,80:E1:26:07:E3:79,-68,2020-01-09 14:32:28.913079,/tgr2020/track/data/15
172,-Ly8D0CaR3qpFGl3ob3d,80:E1:26:07:D2:6F,-42,2020-01-09 14:32:32.217883,/tgr2020/track/data/30
173,-Ly8D0UsJLOQFf6t7lZU,80:E1:26:07:E3:79,-76,2020-01-09 14:32:33.220922,/tgr2020/track/data/30
174,-Ly8D0sPIAaVnxU90C9m,80:E1:26:07:E3:79,-67,2020-01-09 14:32:34.934653,/tgr2020/track/data/15
175,-Ly8D2Dm4Ud_v2T_RxB8,80:E1:26:07:D2:6F,-63,2020-01-09 14:32:38.942553,/tgr2020/track/data/15
176,-Ly8D2dnqNM-_fdVdrOJ,80:E1:26:07:D2:6F,-40,2020-01-09 14:32:42.220270,/tgr2020/track/data/30
177,-Ly8D4J6BxFZwulftSOR,80:E1:26:07:E3:79,-67,2020-01-09 14:32:48.986246,/tgr2020/track/data/15
178,-Ly8D55G7iG6khiVF0Vy,80:E1:26:07:D2:6F,-55,2020-01-09 14:32:52.223494,/tgr2020/track/data/30
179,-Ly8D5IK8-AijO9ZwRZ3,80:E1:26:07:E3:79,-68,2020-01-09 14:32:53.223957,/tgr2020/track/data/30
180,-Ly8D7ghA9PWOYFzF1hN,80:E1:26:07:D2:6F,-45,2020-01-09 14:33:02.212878,/tgr2020/track/data/30
181,-Ly8DA0HPy2jRpZ0zjrY,80:E1:26:07:E3:79,-72,2020-01-09 14:33:12.391463,/tgr2020/track/data/30
182,-Ly8DAvzkm14vu3B97A8,80:E1:26:07:D2:6F,-71,2020-01-09 14:33:15.941116,/tgr2020/track/data/15
183,-Ly8DChFzFcqNWpqc2Fu,80:E1:26:07:D2:6F,-47,2020-01-09 14:33:22.235490,/tgr2020/track/data/30
184,-Ly8DEqd_N37wESOYzzA,80:E1:26:07:D2:6F,-51,2020-01-09 14:33:32.209763,/tgr2020/track/data/30
185,-Ly8DHIdRLwU2nOsUeMo,80:E1:26:07:D2:6F,-52,2020-01-09 14:33:42.226734,/tgr2020/track/data/30
186,-Ly8DJqn0IkVMX6vDDyJ,80:E1:26:07:D2:6F,-38,2020-01-09 14:33:52.210306,/tgr2020/track/data/30
187,-Ly8DMArb6OUKEasjYPb,80:E1:26:07:D2:6F,-48,2020-01-09 14:34:02.218259,/tgr2020/track/data/30
188,-Ly8DObzcgxjMBs3XpAx,80:E1:26:07:D2:6F,-38,2020-01-09 14:34:12.209422,/tgr2020/track/data/30
189,-Ly8DR4_HRP9zYyq8Wwr,80:E1:26:07:D2:6F,-40,2020-01-09 14:34:22.302680,/tgr2020/track/data/30
190,-Ly8DTZmv8Ki3XQcmvfg,80:E1:26:07:D2:6F,-39,2020-01-09 14:34:32.489556,/tgr2020/track/data/30
191,-Ly8DVwpnBG3-LlVD-iV,80:E1:26:07:D2:6F,-39,2020-01-09 14:34:42.224498,/tgr2020/track/data/30
192,-Ly8DYNzdJIY3hWF0L7r,80:E1:26:07:D2:6F,-48,2020-01-09 14:34:52.218678,/tgr2020/track/data/30
193,-Ly8DYctO8EIuozY9Qj3,80:E1:26:07:E3:79,-74,2020-01-09 14:34:53.224957,/tgr2020/track/data/30
194,-Ly8D_tGaqJe1VENHDNC,80:E1:26:07:D2:6F,-43,2020-01-09 14:35:02.482152,/tgr2020/track/data/30
195,-Ly8DcGct7_p7rTmUXyl,80:E1:26:07:E3:79,-70,2020-01-09 14:35:12.225401,/tgr2020/track/data/30
196,-Ly8DeitKgkuOr2p_A89,80:E1:26:07:D2:6F,-47,2020-01-09 14:35:22.282378,/tgr2020/track/data/30
197,-Ly8Dh9aRj5CISAF3qRL,80:E1:26:07:D2:6F,-38,2020-01-09 14:35:32.248565,/tgr2020/track/data/30
198,-Ly8Dj_zoh_LoRb_NT_T,80:E1:26:07:D2:6F,-47,2020-01-09 14:35:42.204664,/tgr2020/track/data/30
199,-Ly8Dm1oFC7mdVl9WO9H,80:E1:26:07:D2:6F,-50,2020-01-09 14:35:52.224056,/tgr2020/track/data/30
200,-Ly8DoTjoRAGHp_b_HYg,80:E1:26:07:D2:6F,-39,2020-01-09 14:36:02.216516,/tgr2020/track/data/30
201,-Ly8DoiWMTX8l_lmHfd4,80:E1:26:07:E3:79,-62,2020-01-09 14:36:03.217841,/tgr2020/track/data/30
202,-Ly8DqwBqH1VNCFVsh0T,80:E1:26:07:D2:6F,-48,2020-01-09 14:36:12.234630,/tgr2020/track/data/30
203,-Ly8DtMll6P9ts9VRcIi,80:E1:26:07:E3:79,-63,2020-01-09 14:36:22.260799,/tgr2020/track/data/30
204,-Ly8E9SeVNh6wNzcWDp9,80:E1:26:07:E3:79,-70,2020-01-09 14:37:32.249287,/tgr2020/track/data/30
205,-Ly8EBu3pOr9PFrX1_D7,80:E1:26:07:E3:79,-68,2020-01-09 14:37:42.269466,/tgr2020/track/data/30
206,-Ly8EEM5iMXGTs15QMPJ,80:E1:26:07:E3:79,-69,2020-01-09 14:37:52.251546,/tgr2020/track/data/30
207,-Ly8EGmQblcqMbU7KMtv,80:E1:26:07:E3:79,-72,2020-01-09 14:38:02.265429,/tgr2020/track/data/30
208,-Ly8Ei7FePuzpsYcMHeb,80:E1:26:07:C4:0A,-43,2020-01-09 14:39:58.306542,/tgr2020/track/data/15
209,-Ly8EkcSnW22GoSR0-MI,80:E1:26:07:C4:0A,-42,2020-01-09 14:40:08.283610,/tgr2020/track/data/15
210,-Ly8ElfUZ0VaRUqgBXfZ,80:E1:26:07:C4:0A,-73,2020-01-09 14:40:12.288576,/tgr2020/track/data/30
211,-Ly8EoH9ZzE1KBnvMRoA,80:E1:26:07:C4:0A,-42,2020-01-09 14:40:23.404826,/tgr2020/track/data/15
212,-Ly8Epb3cpaIPOHDutPB,80:E1:26:07:C4:0A,-42,2020-01-09 14:40:28.355712,/tgr2020/track/data/15
213,-Ly8EqSFfFaRtne0wVDA,80:E1:26:07:C4:0A,-80,2020-01-09 14:40:32.303635,/tgr2020/track/data/30
214,-Ly8ErwMWKqOaJ6wK2zx,80:E1:26:07:C4:0A,-41,2020-01-09 14:40:38.410369,/tgr2020/track/data/15
215,-Ly8EtB3DTLZUDY8SOQY,80:E1:26:07:C4:0A,-41,2020-01-09 14:40:43.510449,/tgr2020/track/data/15
216,-Ly8EuMxHBlRYCJ8n7Ia,80:E1:26:07:C4:0A,-41,2020-01-09 14:40:48.480175,/tgr2020/track/data/15
217,-Ly8EvckBa-ypsOFkSkn,80:E1:26:07:C4:0A,-43,2020-01-09 14:40:53.510448,/tgr2020/track/data/15
218,-Ly8EwpkqS_R9n7RKtBv,80:E1:26:07:C4:0A,-42,2020-01-09 14:40:58.490707,/tgr2020/track/data/15
219,-Ly8ExkpsWIFhWmbVuEj,80:E1:26:07:D2:6F,-43,2020-01-09 14:41:02.310510,/tgr2020/track/data/30
220,-Ly8Ey9fR2-XsXJXZk6k,80:E1:26:07:C4:0A,-42,2020-01-09 14:41:03.577840,/tgr2020/track/data/15
221,-Ly8EzIvyVsw_N4HhF3W,80:E1:26:07:C4:0A,-42,2020-01-09 14:41:08.578751,/tgr2020/track/data/15
222,-Ly8F-IJnuZnhLhZshol,80:E1:26:07:D2:6F,-41,2020-01-09 14:41:12.323603,/tgr2020/track/data/30
223,-Ly8F1biRlpCyzZGi07u,80:E1:26:07:D2:6F,-41,2020-01-09 14:41:22.288049,/tgr2020/track/data/30
224,-Ly8F1sIeFBB9hc3ybVo,80:E1:26:07:E3:79,-81,2020-01-09 14:41:23.277043,/tgr2020/track/data/30
225,-Ly8F2MXkuynrfG0v3M4,80:E1:26:07:D2:6F,-69,2020-01-09 14:41:24.920723,/tgr2020/track/data/15
226,-Ly8F3H-TsI8bOGhxTyX,80:E1:26:07:E3:79,-69,2020-01-09 14:41:28.770871,/tgr2020/track/data/15
227,-Ly8F49K6vmq72khXAN2,80:E1:26:07:E3:79,-74,2020-01-09 14:41:32.281179,/tgr2020/track/data/30
228,-Ly8F6rnIXW4lIeMc8IO,80:E1:26:07:E3:79,-70,2020-01-09 14:41:43.679289,/tgr2020/track/data/15
229,-Ly8F8whkPDqEACvYr7B,80:E1:26:07:E3:79,-69,2020-01-09 14:41:52.283765,/tgr2020/track/data/30
230,-Ly8F9HfIxxWYVDK2GkC,80:E1:26:07:E3:79,-70,2020-01-09 14:41:53.708513,/tgr2020/track/data/15
231,-Ly8FHw7oT5-zhQZ22y9,80:E1:26:07:E3:79,-76,2020-01-09 14:42:28.820087,/tgr2020/track/data/15
232,-Ly8FJ5BZEdIiwshShFb,80:E1:26:07:E3:79,-69,2020-01-09 14:42:33.852785,/tgr2020/track/data/15
233,-Ly8FKJbeyMKsoULY7b2,80:E1:26:07:E3:79,-67,2020-01-09 14:42:38.864495,/tgr2020/track/data/15
234,-Ly8FLDWmcPy8ZPVhxtI,80:E1:26:07:E3:79,-69,2020-01-09 14:42:42.267558,/tgr2020/track/data/30
235,-Ly8FLXkIYJnK29IzdmG,80:E1:26:07:E3:79,-66,2020-01-09 14:42:43.891050,/tgr2020/track/data/15
236,-Ly8FNEvoz_ii7jhWHik,80:E1:26:07:E3:79,-66,2020-01-09 14:42:49.748730,/tgr2020/track/data/15
237,-Ly8FNaUtJwj-1Ntfl20,80:E1:26:07:E3:79,-79,2020-01-09 14:42:52.306369,/tgr2020/track/data/30
238,-Ly8FNzrmRNfBydUiaPe,80:E1:26:07:E3:79,-71,2020-01-09 14:42:53.948014,/tgr2020/track/data/15
239,-Ly8FPDX1hhtYPE4YtxA,80:E1:26:07:E3:79,-70,2020-01-09 14:42:58.972032,/tgr2020/track/data/15
240,-Ly8FRwO3XFPFkFwOsYr,80:E1:26:07:E3:79,-69,2020-01-09 14:43:08.012975,/tgr2020/track/data/15
241,-Ly8FSf9bJe3Y2mVqhTE,80:E1:26:07:E3:79,-88,2020-01-09 14:43:12.269573,/tgr2020/track/data/30
242,-Ly8FUuc6L8XxFTvdfzI,80:E1:26:07:E3:79,-68,2020-01-09 14:43:22.271962,/tgr2020/track/data/30
243,-Ly8FhrpYCX6qEbdrO__,80:E1:26:07:E3:79,-77,2020-01-09 14:44:19.306916,/tgr2020/track/data/15
244,-Ly8FiWihCugQyqWEJQc,80:E1:26:07:E3:79,-70,2020-01-09 14:44:22.302153,/tgr2020/track/data/30
245,-Ly8FjGdt5CNf0RSzfER,80:E1:26:07:E3:79,-75,2020-01-09 14:44:24.300699,/tgr2020/track/data/15
246,-Ly8Fkr3utEnIlvT543w,80:E1:26:07:E3:79,-70,2020-01-09 14:44:29.320095,/tgr2020/track/data/15
247,-Ly8FlVDmuzahKHYOy9c,80:E1:26:07:E3:79,-72,2020-01-09 14:44:34.304520,/tgr2020/track/data/15
248,-Ly8Fo-nuKMtrLRHisMv,80:E1:26:07:E3:79,-68,2020-01-09 14:44:44.344712,/tgr2020/track/data/15
249,-Ly8FpL98_EUP-PsQc9s,80:E1:26:07:E3:79,-62,2020-01-09 14:44:49.414375,/tgr2020/track/data/15
250,-Ly8Fq2YHabHbhil5vE7,80:E1:26:07:E3:79,-66,2020-01-09 14:44:52.316342,/tgr2020/track/data/30
251,-Ly8FreARd-iO-Y_tKtK,80:E1:26:07:E3:79,-60,2020-01-09 14:44:59.455090,/tgr2020/track/data/15
252,-Ly8FsufsovBauqNYDEl,80:E1:26:07:E3:79,-63,2020-01-09 14:45:04.505417,/tgr2020/track/data/15
253,-Ly8FuHUbY8A35Z2lACi,80:E1:26:07:E3:79,-61,2020-01-09 14:45:09.535091,/tgr2020/track/data/15
254,-Ly8Fuyof6lZciUjCDqv,80:E1:26:07:E3:79,-78,2020-01-09 14:45:12.283607,/tgr2020/track/data/30
255,-Ly8FvLuc2C4aS2B7sYk,80:E1:26:07:E3:79,-61,2020-01-09 14:45:14.499082,/tgr2020/track/data/15
256,-Ly8GSG7NiY9ajxkHJoe,80:E1:26:07:E3:79,-53,2020-01-09 14:47:33.533769,/tgr2020/track/data/12
257,-Ly8GSb_6iv0_qq90hef,80:E1:26:07:E3:79,-64,2020-01-09 14:47:34.992598,/tgr2020/track/data/15
258,-Ly8GUO8QiJaYw7Aj33D,80:E1:26:07:E3:79,-66,2020-01-09 14:47:42.278666,/tgr2020/track/data/30
259,-Ly8GUgT5pS7kg7Tjl0U,80:E1:26:07:E3:79,-56,2020-01-09 14:47:43.535246,/tgr2020/track/data/12
260,-Ly8GV2X2ifAcdL7l7_Z,80:E1:26:07:E3:79,-67,2020-01-09 14:47:44.986831,/tgr2020/track/data/15
261,-Ly8GWys0izGmdWpRXPd,80:E1:26:07:E3:79,-69,2020-01-09 14:47:52.302949,/tgr2020/track/data/30
262,-Ly8GXOEo62mYwFf9Lmn,80:E1:26:07:E0:F2,-85,2020-01-09 14:47:54.555338,/tgr2020/track/data/12
263,-Ly8GYiZU56s_00gLnhA,80:E1:26:07:E3:79,-72,2020-01-09 14:48:00.044313,/tgr2020/track/data/15
264,-Ly8GYy7HJJulN5hXPrp,80:E1:26:07:E0:F2,-72,2020-01-09 14:48:01.049964,/tgr2020/track/data/15
265,-Ly8GZLK-pjSPkySgntK,80:E1:26:07:E0:F2,-77,2020-01-09 14:48:02.286605,/tgr2020/track/data/30
266,-Ly8GaAe3RXv0MtaU-QU,80:E1:26:07:E3:79,-64,2020-01-09 14:48:10.086606,/tgr2020/track/data/15
267,-Ly8Gai64Ciwzuw33-Vp,80:E1:26:07:E3:79,-68,2020-01-09 14:48:12.283724,/tgr2020/track/data/30
268,-Ly8Gb53HlG25utDzR2p,80:E1:26:07:E3:79,-56,2020-01-09 14:48:13.813801,/tgr2020/track/data/12
269,-Ly8GbM0Of7ZQs1iJssI,80:E1:26:07:E3:79,-62,2020-01-09 14:48:15.108023,/tgr2020/track/data/15
270,-Ly8Gd99cytw-Fb8zYE2,80:E1:26:07:E3:79,-72,2020-01-09 14:48:22.284900,/tgr2020/track/data/30
271,-Ly8GdTVnz4_zPOCqKeW,80:E1:26:07:E3:79,-62,2020-01-09 14:48:23.579005,/tgr2020/track/data/12
272,-Ly8Gdqi3xdG8iHxqKU4,80:E1:26:07:E3:79,-68,2020-01-09 14:48:25.146090,/tgr2020/track/data/15
273,-Ly8HkrfegL7mFBEOaSK,80:E1:26:07:E3:79,-58,2020-01-09 14:53:15.942553,/tgr2020/track/data/12
274,-Ly8HmEFZwxe5auJnuhg,80:E1:26:07:E3:79,-65,2020-01-09 14:53:21.609081,/tgr2020/track/data/15
275,-Ly8HmhCSqbCa-5rWuNi,80:E1:26:07:E0:F2,-71,2020-01-09 14:53:23.532229,/tgr2020/track/data/30
276,-Ly8HnMCA83OgQtU4Fp9,80:E1:26:07:E3:79,-59,2020-01-09 14:53:25.925804,/tgr2020/track/data/12
277,-Ly8HoqBJwqOYY5nV5VG,80:E1:26:07:E3:79,-68,2020-01-09 14:53:32.303494,/tgr2020/track/data/30
278,-Ly8HpiiFIRhU0xJ3LOq,80:E1:26:07:E3:79,-47,2020-01-09 14:53:35.916942,/tgr2020/track/data/12
279,-Ly8HrLP4Fr8mda2zQRT,80:E1:26:07:E3:79,-68,2020-01-09 14:53:42.310490,/tgr2020/track/data/30
280,-Ly8Hs9o-PCd3VPDZDdd,80:E1:26:07:E3:79,-48,2020-01-09 14:53:45.920652,/tgr2020/track/data/12
281,-Ly8HtXsOre-LpmXmFuR,80:E1:26:07:E3:79,-69,2020-01-09 14:53:51.546979,/tgr2020/track/data/15
282,-Ly8HubT1jFMtD1msnpp,80:E1:26:07:E3:79,-48,2020-01-09 14:53:55.922805,/tgr2020/track/data/12
283,-Ly8Hw2PiBbTlcq7tsKP,80:E1:26:07:E3:79,-68,2020-01-09 14:54:01.578453,/tgr2020/track/data/15
284,-Ly8Hx2kfuhPR2BFtfSc,80:E1:26:07:E3:79,-36,2020-01-09 14:54:05.949816,/tgr2020/track/data/12
285,-Ly8I2LPyum2Y-FGqrZg,80:E1:26:07:D2:6F,-72,2020-01-09 14:54:31.707286,/tgr2020/track/data/15
286,-Ly8I2lujePPxDjBr4zj,80:E1:26:07:D2:6F,-48,2020-01-09 14:54:33.474181,/tgr2020/track/data/30
287,-Ly8I4w2BCw7giW5vZD5,80:E1:26:07:D2:6F,-41,2020-01-09 14:54:42.307527,/tgr2020/track/data/30
288,-Ly8I5pn6zlOgA5czJKo,80:E1:26:07:D2:6F,-81,2020-01-09 14:54:45.946053,/tgr2020/track/data/12
289,-Ly8I9oOZdIoFnGl4QZY,80:E1:26:07:E3:79,-74,2020-01-09 14:55:02.299402,/tgr2020/track/data/30
290,-Ly8IAqQKrXLk0k60pxr,80:E1:26:07:E3:79,-48,2020-01-09 14:55:05.929714,/tgr2020/track/data/12
291,-Ly8ID8P4Z6MepI3zGRM,80:E1:26:07:E3:79,-52,2020-01-09 14:55:15.933844,/tgr2020/track/data/12
292,-Ly8IEcmKriEwdvu3vx7,80:E1:26:07:E3:79,-69,2020-01-09 14:55:21.865749,/tgr2020/track/data/15
293,-Ly8IF_iLTVEGwdT46N_,80:E1:26:07:E3:79,-47,2020-01-09 14:55:25.930269,/tgr2020/track/data/12
294,-Ly8II14luw5Rc-iuYe_,80:E1:26:07:E3:79,-52,2020-01-09 14:55:35.938526,/tgr2020/track/data/12
295,-Ly8IJVv4VWCfJSV1fi-,80:E1:26:07:E3:79,-74,2020-01-09 14:55:42.005398,/tgr2020/track/data/15
296,-Ly8IKT7SHu2lvx0I6c8,80:E1:26:07:E3:79,-52,2020-01-09 14:55:45.942958,/tgr2020/track/data/12
297,-Ly8IKk8QIAIiLwM1pAY,80:E1:26:07:E3:79,-69,2020-01-09 14:55:47.026126,/tgr2020/track/data/15
298,-Ly8IM1_bizcqkpAj7cr,80:E1:26:07:E3:79,-72,2020-01-09 14:55:52.346378,/tgr2020/track/data/30
299,-Ly8IMuJPlWoXkdn7435,80:E1:26:07:E3:79,-47,2020-01-09 14:55:55.928763,/tgr2020/track/data/12
300,-Ly8ITK7vKZ8Sr_D7jPQ,80:E1:26:07:E3:79,-68,2020-01-09 14:56:22.145777,/tgr2020/track/data/15
301,-Ly8IUIS5YwcXlxRvi4q,80:E1:26:07:E3:79,-47,2020-01-09 14:56:26.199658,/tgr2020/track/data/12
302,-Ly8IUmCYrDRc5tWEfbr,80:E1:26:07:D2:6F,-69,2020-01-09 14:56:28.168868,/tgr2020/track/data/15
303,-Ly8IV0eBU9IybcaXGC8,80:E1:26:07:E3:79,-65,2020-01-09 14:56:29.177365,/tgr2020/track/data/15
304,-Ly8IVl0tJuysUs803r5,80:E1:26:07:E3:79,-68,2020-01-09 14:56:32.193180,/tgr2020/track/data/15
305,-Ly8IWjAfN9nV_TZ_Yf7,80:E1:26:07:E3:79,-53,2020-01-09 14:56:36.185710,/tgr2020/track/data/12
306,-Ly8IWzX5ww-7hrdXiLA,80:E1:26:07:E3:79,-67,2020-01-09 14:56:37.231942,/tgr2020/track/data/15
307,-Ly8IYER_h1V62bqufie,80:E1:26:07:E3:79,-64,2020-01-09 14:56:42.255352,/tgr2020/track/data/15
308,-Ly8IZ6ecw2WqonZUtWU,80:E1:26:07:E3:79,-57,2020-01-09 14:56:45.939652,/tgr2020/track/data/12
309,-Ly8Iafhby3NNfPmnCr5,80:E1:26:07:E3:79,-48,2020-01-09 14:56:55.940398,/tgr2020/track/data/12
310,-Ly8IczwbGI5eFonWSQC,80:E1:26:07:E3:79,-48,2020-01-09 14:57:05.929079,/tgr2020/track/data/12
311,-Ly8IeYvPHrewCO-pcRZ,80:E1:26:07:E3:79,-79,2020-01-09 14:57:12.314237,/tgr2020/track/data/30
312,-Ly8IfRTQm5iyJVBL0gQ,80:E1:26:07:E3:79,-51,2020-01-09 14:57:15.925684,/tgr2020/track/data/12
313,-Ly8Ih-AfncSLUS4mxzT,80:E1:26:07:E3:79,-64,2020-01-09 14:57:22.324938,/tgr2020/track/data/30
314,-Ly8IhsR4Nh-cv-4df-o,80:E1:26:07:E3:79,-53,2020-01-09 14:57:25.930760,/tgr2020/track/data/12
315,-Ly8IkJsRQ0_QjHgHyLz,80:E1:26:07:E3:79,-62,2020-01-09 14:57:35.930844,/tgr2020/track/data/12
316,-Ly8IkoNmBMzgNZOdfIC,80:E1:26:07:E3:79,-73,2020-01-09 14:57:37.445442,/tgr2020/track/data/15
317,-Ly8IlwUoojHFij0WOLc,80:E1:26:07:E3:79,-65,2020-01-09 14:57:42.568502,/tgr2020/track/data/15
318,-Ly8ImkvU2zUJ2CiSMsK,80:E1:26:07:E3:79,-47,2020-01-09 14:57:45.935269,/tgr2020/track/data/12
319,-Ly8In9CelvAlX893SxU,80:E1:26:07:E3:79,-63,2020-01-09 14:57:47.533160,/tgr2020/track/data/15
320,-Ly8IpCONE9fqfBlSIj1,80:E1:26:07:E3:79,-47,2020-01-09 14:57:55.937594,/tgr2020/track/data/12
321,-Ly8IrdTbkkgeEoU1aqb,80:E1:26:07:E3:79,-48,2020-01-09 14:58:05.937823,/tgr2020/track/data/12
322,-Ly8Is2y6SSqgG1DLeTB,80:E1:26:07:E3:79,-69,2020-01-09 14:58:07.611025,/tgr2020/track/data/15
323,-Ly8ItCT_u_hRBWzdJ4Z,80:E1:26:07:E3:79,-67,2020-01-09 14:58:12.329749,/tgr2020/track/data/30
324,-Ly8Iu4wU0XeuFcxVYrX,80:E1:26:07:E3:79,-50,2020-01-09 14:58:15.936196,/tgr2020/track/data/12
325,-Ly8IvekNBbTZnu2TaQC,80:E1:26:07:E3:79,-72,2020-01-09 14:58:22.326387,/tgr2020/track/data/30
326,-Ly8Iwr_NCshYSQ1_C2o,80:E1:26:07:E3:79,-39,2020-01-09 14:58:26.124757,/tgr2020/track/data/12
327,-Ly8Iy5RJyS9vUyf76vy,80:E1:26:07:E3:79,-66,2020-01-09 14:58:32.355805,/tgr2020/track/data/30
328,-Ly8IyyKbn-4Zex27Ux5,80:E1:26:07:E3:79,-51,2020-01-09 14:58:35.943576,/tgr2020/track/data/12
329,-Ly8IzPKqCoBIGcy5Enl,80:E1:26:07:E3:79,-61,2020-01-09 14:58:37.737812,/tgr2020/track/data/15
330,-Ly8J-Xv7X85jzmwFcLJ,80:E1:26:07:E3:79,-64,2020-01-09 14:58:42.365978,/tgr2020/track/data/30
331,-Ly8J0PiADIbK9_0VTZr,80:E1:26:07:E3:79,-54,2020-01-09 14:58:45.937933,/tgr2020/track/data/12
332,-Ly8J0uNfGvlIAUWmh8i,80:E1:26:07:E3:79,-62,2020-01-09 14:58:47.978041,/tgr2020/track/data/15
333,-Ly8J1zMFlJt_ZgzLLGT,80:E1:26:07:E3:79,-67,2020-01-09 14:58:52.383654,/tgr2020/track/data/30
334,-Ly8J2rAC1l9vgM6LaMv,80:E1:26:07:E3:79,-49,2020-01-09 14:58:55.941405,/tgr2020/track/data/12
335,-Ly8J3J6_TH-8YsVX0_q,80:E1:26:07:E3:79,-70,2020-01-09 14:58:57.815893,/tgr2020/track/data/15
336,-Ly8J4Phap7ELyIXdMhC,80:E1:26:07:E0:F2,-70,2020-01-09 14:59:02.324795,/tgr2020/track/data/30
337,-Ly8JMTs9FU2Zs4j7oRg,80:E1:26:07:E0:F2,-80,2020-01-09 15:00:15.987548,/tgr2020/track/data/12
338,-Ly8JQR9zyaKNFKxCYfA,80:E1:26:07:E0:F2,-73,2020-01-09 15:00:32.331048,/tgr2020/track/data/30
339,-Ly8JRGYqnsNZMWFErba,80:E1:26:07:E0:F2,-82,2020-01-09 15:00:35.941066,/tgr2020/track/data/12
340,-Ly8JSpm506n7bICXMkv,80:E1:26:07:E0:F2,-81,2020-01-09 15:00:42.355367,/tgr2020/track/data/30
341,-Ly8JTlMqfdTHgeDcpFi,80:E1:26:07:E0:F2,-78,2020-01-09 15:00:46.185846,/tgr2020/track/data/12
342,-Ly8JYaALuA925o3qUUh,80:E1:26:07:E0:F2,-81,2020-01-09 15:01:05.936271,/tgr2020/track/data/12
343,-Ly8Jv7_wUNhez0eBxvs,80:E1:26:07:D2:6F,-39,2020-01-09 15:02:42.358007,/tgr2020/track/data/30
344,-Ly8JvUPjCBstrFT1GFv,80:E1:26:07:D2:6F,-64,2020-01-09 15:02:43.797239,/tgr2020/track/data/15
345,-Ly8Jw-nOAYONm7VNchg,80:E1:26:07:D2:6F,-82,2020-01-09 15:02:45.938194,/tgr2020/track/data/12
346,-Ly8Jx_86a2v06_lzDYo,80:E1:26:07:D2:6F,-52,2020-01-09 15:02:52.363416,/tgr2020/track/data/30
347,-Ly8JyVKjwk42OICfH1Y,80:E1:26:07:D2:6F,-85,2020-01-09 15:02:56.174535,/tgr2020/track/data/12
348,-Ly8Jz4ontEesoX7ryUr,80:E1:26:07:D2:6F,-65,2020-01-09 15:02:58.557364,/tgr2020/track/data/15
349,-Ly8K-0BdOm2G3DfmSPG,80:E1:26:07:D2:6F,-43,2020-01-09 15:03:02.343357,/tgr2020/track/data/30
350,-Ly8K-PCaJkSTEewBMfN,80:E1:26:07:D2:6F,-66,2020-01-09 15:03:03.718356,/tgr2020/track/data/15
351,-Ly8KDlT0iP5rkBG3WHc,80:E1:26:07:D2:6F,-40,2020-01-09 15:04:02.365139,/tgr2020/track/data/30
352,-Ly8KEXeewhEr9xjSmcW,80:E1:26:07:D2:6F,-83,2020-01-09 15:04:05.957957,/tgr2020/track/data/12
353,-Ly8KFE1kSrkcyMhNBpc,80:E1:26:07:D2:6F,-78,2020-01-09 15:04:08.784111,/tgr2020/track/data/15
354,-Ly8KG6MZLB8YrxIoUcH,80:E1:26:07:D2:6F,-41,2020-01-09 15:04:12.390864,/tgr2020/track/data/30
355,-Ly8KGz8UXe2ZVc7TTed,80:E1:26:07:D2:6F,-76,2020-01-09 15:04:15.955051,/tgr2020/track/data/12
356,-Ly8KHfwmfRIoVtB_twY,80:E1:26:07:D2:6F,-70,2020-01-09 15:04:18.818347,/tgr2020/track/data/15
357,-Ly8KIcafCgrCg0Xd9Jh,80:E1:26:07:D2:6F,-42,2020-01-09 15:04:22.373378,/tgr2020/track/data/30
358,-Ly8KJV3FiHLjKG3nBm3,80:E1:26:07:D2:6F,-71,2020-01-09 15:04:25.963797,/tgr2020/track/data/12
359,-Ly8KK7Zvi0crAK55UCp,80:E1:26:07:D2:6F,-72,2020-01-09 15:04:28.847028,/tgr2020/track/data/15
360,-Ly8KLNvRsLEz4_hYtvI,80:E1:26:07:D2:6F,-40,2020-01-09 15:04:32.624422,/tgr2020/track/data/30
361,-Ly8KM01pq7QjjsWjdpS,80:E1:26:07:D2:6F,-77,2020-01-09 15:04:36.496457,/tgr2020/track/data/12
362,-Ly8KMfllFue2kqsQp9O,80:E1:26:07:D2:6F,-75,2020-01-09 15:04:39.316325,/tgr2020/track/data/15
363,-Ly8KNQkc5qomqNWLuR3,80:E1:26:07:D2:6F,-42,2020-01-09 15:04:42.367785,/tgr2020/track/data/30
364,-Ly8KOIoBdc4XZAaNzKq,80:E1:26:07:D2:6F,-81,2020-01-09 15:04:45.963705,/tgr2020/track/data/12
365,-Ly8KP1R9xuJT7nJrZuH,80:E1:26:07:D2:6F,-70,2020-01-09 15:04:48.928114,/tgr2020/track/data/15
366,-Ly8KQFTG6hCPKc6DeZG,80:E1:26:07:D2:6F,-40,2020-01-09 15:04:52.374256,/tgr2020/track/data/30
367,-Ly8KQkCdLRqtvbjQk6N,80:E1:26:07:D2:6F,-78,2020-01-09 15:04:55.971820,/tgr2020/track/data/12
368,-Ly8KSKFd6XGQ6NUUSV8,80:E1:26:07:D2:6F,-39,2020-01-09 15:05:02.373914,/tgr2020/track/data/30
369,-Ly8KShLmlXtxTLv1XhE,80:E1:26:07:D2:6F,-68,2020-01-09 15:05:03.975709,/tgr2020/track/data/15
370,-Ly8KTBmKtTAoiybY9YK,80:E1:26:07:D2:6F,-75,2020-01-09 15:05:05.989140,/tgr2020/track/data/12
371,-Ly8KTvmjhxRT3hnVhny,80:E1:26:07:D2:6F,-70,2020-01-09 15:05:08.995277,/tgr2020/track/data/15
372,-Ly8KUkels1JmfJMHljh,80:E1:26:07:D2:6F,-39,2020-01-09 15:05:12.376642,/tgr2020/track/data/30
373,-Ly8KVNbqvd4eT80fVGE,80:E1:26:07:D2:6F,-70,2020-01-09 15:05:14.023718,/tgr2020/track/data/15
374,-Ly8KVcz_V9t_dOfnB2C,80:E1:26:07:D2:6F,-76,2020-01-09 15:05:15.989028,/tgr2020/track/data/12
375,-Ly8KXG7LCKsJy52IH5f,80:E1:26:07:D2:6F,-40,2020-01-09 15:05:22.376184,/tgr2020/track/data/30
376,-Ly8KXrLKLQd_Tbc4Mqh,80:E1:26:07:D2:6F,-71,2020-01-09 15:05:24.054210,/tgr2020/track/data/15
377,-Ly8K_azvFQON5HaELD3,80:E1:26:07:D2:6F,-41,2020-01-09 15:05:32.391731,/tgr2020/track/data/30
378,-Ly8Kb50Q4mMyRZnpR6k,80:E1:26:07:D2:6F,-40,2020-01-09 15:05:42.424406,/tgr2020/track/data/30
379,-Ly8Kby4_fIhDohGeVxw,80:E1:26:07:D2:6F,-73,2020-01-09 15:05:45.996068,/tgr2020/track/data/12
380,-Ly8KdEBAMcalK_Jo9tw,80:E1:26:07:D2:6F,-67,2020-01-09 15:05:49.148291,/tgr2020/track/data/15
381,-Ly8KeU4edBmHvJvbrwQ,80:E1:26:07:D2:6F,-82,2020-01-09 15:05:56.000469,/tgr2020/track/data/12
382,-Ly8KfASNEsFcnUSP6Qe,80:E1:26:07:D2:6F,-70,2020-01-09 15:05:59.166288,/tgr2020/track/data/15
383,-Ly8KgDj2xJeQOUBbhhb,80:E1:26:07:D2:6F,-39,2020-01-09 15:06:02.395383,/tgr2020/track/data/30
384,-Ly8KiOx0_0yS6x4tIZw,80:E1:26:07:D2:6F,-48,2020-01-09 15:06:12.357475,/tgr2020/track/data/30
385,-Ly8KjHuTAtkOltbz0J3,80:E1:26:07:D2:6F,-83,2020-01-09 15:06:15.998430,/tgr2020/track/data/12
386,-Ly8KkpyOrg5Qt0gsKk8,80:E1:26:07:D2:6F,-41,2020-01-09 15:06:22.357660,/tgr2020/track/data/30
387,-Ly8KlIfBvY5OI1huC4b,80:E1:26:07:D2:6F,-72,2020-01-09 15:06:24.241903,/tgr2020/track/data/15
388,-Ly8KliwLB7g-MMvBLh1,80:E1:26:07:D2:6F,-76,2020-01-09 15:06:25.997927,/tgr2020/track/data/12
389,-Ly8KnHE1KY6RSDrzCFx,80:E1:26:07:D2:6F,-43,2020-01-09 15:06:32.364755,/tgr2020/track/data/30
390,-Ly8Knkbyp5V59iuvrnn,80:E1:26:07:D2:6F,-71,2020-01-09 15:06:34.286770,/tgr2020/track/data/15
391,-Ly8KoI_kKLf3VFTT_KQ,80:E1:26:07:D2:6F,-76,2020-01-09 15:06:36.518457,/tgr2020/track/data/12
392,-Ly8KpjtjZshBGKlMMXY,80:E1:26:07:D2:6F,-41,2020-01-09 15:06:42.425927,/tgr2020/track/data/30
393,-Ly8KqGPuvANxOoSfzKB,80:E1:26:07:D2:6F,-69,2020-01-09 15:06:44.320813,/tgr2020/track/data/15
394,-Ly8Kqg9fxS4H0N6IpVW,80:E1:26:07:D2:6F,-85,2020-01-09 15:06:46.000202,/tgr2020/track/data/12
395,-Ly8KsNZm0dt9Rcpcp0X,80:E1:26:07:D2:6F,-49,2020-01-09 15:06:52.380808,/tgr2020/track/data/30
396,-Ly8Kt30yo2w5DSWjHNf,80:E1:26:07:D2:6F,-86,2020-01-09 15:06:55.998362,/tgr2020/track/data/12
397,-Ly8Ktz5RkRbsVrOHp_o,80:E1:26:07:D2:6F,-76,2020-01-09 15:06:59.780318,/tgr2020/track/data/15
398,-Ly8KubCuYt8SPvhvOXI,80:E1:26:07:D2:6F,-41,2020-01-09 15:07:02.367874,/tgr2020/track/data/30
399,-Ly8KvVADMauuWXvqjs4,80:E1:26:07:D2:6F,-79,2020-01-09 15:07:05.991850,/tgr2020/track/data/12
400,-Ly8Kx2axvRYMvzglDRf,80:E1:26:07:D2:6F,-40,2020-01-09 15:07:12.372347,/tgr2020/track/data/30
401,-Ly8Kxw0MYrmp7sjLgJf,80:E1:26:07:D2:6F,-81,2020-01-09 15:07:15.997667,/tgr2020/track/data/12
402,-Ly8KylvHjXMNqe4q0BW,80:E1:26:07:D2:6F,-74,2020-01-09 15:07:19.433395,/tgr2020/track/data/15
403,-Ly8Kz0QkFGlMWFeo3Sq,80:E1:26:07:E0:F2,-64,2020-01-09 15:07:20.431270,/tgr2020/track/data/15
404,-Ly8KzUhMUY-vNJhp6XT,80:E1:26:07:D2:6F,-49,2020-01-09 15:07:22.370447,/tgr2020/track/data/30
405,-Ly8KzjSd5AkHphud7HM,80:E1:26:07:E0:F2,-72,2020-01-09 15:07:23.363890,/tgr2020/track/data/30
406,-Ly8L-QFhSTXpwhlKOu9,80:E1:26:07:E0:F2,-77,2020-01-09 15:07:26.184412,/tgr2020/track/data/15
407,-Ly8L1-KTl2yGlrLsJcN,80:E1:26:07:D2:6F,-40,2020-01-09 15:07:32.358209,/tgr2020/track/data/30
408,-Ly8L1Ul-sG357cG22Ie,80:E1:26:07:D2:6F,-67,2020-01-09 15:07:34.490272,/tgr2020/track/data/15
409,-Ly8L1xAAHKEf_i5QmHX,80:E1:26:07:D2:6F,-79,2020-01-09 15:07:36.228466,/tgr2020/track/data/12
410,-Ly8L2jqOQS6XfPq0G2d,80:E1:26:07:D2:6F,-65,2020-01-09 15:07:39.764449,/tgr2020/track/data/15
411,-Ly8L3NN_tqvPm5vIi6w,80:E1:26:07:D2:6F,-49,2020-01-09 15:07:42.375920,/tgr2020/track/data/30
412,-Ly8L4G-pKzBVrW2bzUE,80:E1:26:07:D2:6F,-77,2020-01-09 15:07:46.005045,/tgr2020/track/data/12
413,-Ly8L5v7qfE0r0TLLfr-,80:E1:26:07:D2:6F,-77,2020-01-09 15:07:49.547388,/tgr2020/track/data/15
414,-Ly8L6hIUik1LW6TJ_mS,80:E1:26:07:E3:79,-38,2020-01-09 15:07:56.017747,/tgr2020/track/data/12
415,-Ly8L7_1BTWHbwHQmQ_x,80:E1:26:07:E3:79,-68,2020-01-09 15:07:59.581402,/tgr2020/track/data/15
416,-Ly8L8Sdh1KWD8TCuE31,80:E1:26:07:E3:79,-71,2020-01-09 15:08:03.183383,/tgr2020/track/data/30
417,-Ly8L98eSiPlgduvo-fV,80:E1:26:07:E3:79,-38,2020-01-09 15:08:06.009738,/tgr2020/track/data/12
418,-Ly8LA3cofkfcQ7PI8Hl,80:E1:26:07:E3:79,-79,2020-01-09 15:08:09.777746,/tgr2020/track/data/15
419,-Ly8LAYYd65j3KqUBTHq,80:E1:26:07:E0:F2,-66,2020-01-09 15:08:11.773082,/tgr2020/track/data/15
420,-Ly8LBXW4ZOJ93vUlOFX,80:E1:26:07:E0:F2,-67,2020-01-09 15:08:15.778789,/tgr2020/track/data/15
421,-Ly8LBj2SYTI11eLxjeS,80:E1:26:07:E3:79,-72,2020-01-09 15:08:16.775920,/tgr2020/track/data/15
422,-Ly8LCZuJuDSdbpq36X5,80:E1:26:07:E0:F2,-66,2020-01-09 15:08:20.041691,/tgr2020/track/data/15
423,-Ly8LD8CyGwBl2I5SgjB,80:E1:26:07:E3:79,-76,2020-01-09 15:08:22.374897,/tgr2020/track/data/30
424,-Ly8LDgtrnsh83iDUup9,80:E1:26:07:E0:F2,-64,2020-01-09 15:08:24.673889,/tgr2020/track/data/15
425,-Ly8LE1IHF0MZT8DJPZs,80:E1:26:07:E3:79,-37,2020-01-09 15:08:25.998038,/tgr2020/track/data/12
426,-Ly8LF-7Rd3PTkqDZIw8,80:E1:26:07:E0:F2,-65,2020-01-09 15:08:29.966090,/tgr2020/track/data/15
427,-Ly8LF_WOhVe1YIgwhrR,80:E1:26:07:E3:79,-67,2020-01-09 15:08:32.365381,/tgr2020/track/data/30
